{
  "tags": [
    {
      "ID": 5,
      "pose": {
        "translation": {
          "x": 14.700757999999999,
          "y": 8.2042,
          "z": 1.355852
        },
        "rotation": {
          "quaternion": {
            "W": -0.7071067811865475,
            "X": -0.0,
            "Y": 0.0,
            "Z": 0.7071067811865476
          }
        }
      }
    },
    {
      "ID": 6,
      "pose": {
        "translation": {
          "x": 1.8415,
          "y": 8.2042,
          "z": 1.355852
        },
        "rotation": {
          "quaternion": {
            "W": -0.7071067811865475,
            "X": -0.0,
            "Y": 0.0,
            "Z": 0.7071067811865476
          }
        }
      }
    }
  ],
  "field": {
    "length": 16.541,
    "width": 8.211
  }
}
