{
  "tags": [
    {
      "ID": 3,
      "pose": {
        "translation": {
          "x": 16.579342,
          "y": 4.982717999999999,
          "z": 1.4511020000000001
        },
        "rotation": {
          "quaternion": {
            "W": 6.123233995736766e-17,
            "X": 0.0,
            "Y": 0.0,
            "Z": 1.0
          }
        }
      }
    },
    {
      "ID": 4,
      "pose": {
        "translation": {
          "x": 16.579342,
          "y": 5.547867999999999,
          "z": 1.4511020000000001
        },
        "rotation": {
          "quaternion": {
            "W": 6.123233995736766e-17,
            "X": 0.0,
            "Y": 0.0,
            "Z": 1.0
          }
        }
      }
    },
    {
      "ID": 7,
      "pose": {
        "translation": {
          "x": -0.038099999999999995,
          "y": 5.547867999999999,
          "z": 1.4511020000000001
        },
        "rotation": {
          "quaternion": {
            "W": 1.0,
            "X": 0.0,
            "Y": 0.0,
            "Z": 0.0
          }
        }
      }
    },
    {
      "ID": 8,
      "pose": {
        "translation": {
          "x": -0.038099999999999995,
          "y": 4.982717999999999,
          "z": 1.4511020000000001
        },
        "rotation": {
          "quaternion": {
            "W": 1.0,
            "X": 0.0,
            "Y": 0.0,
            "Z": 0.0
          }
        }
      }
    }
  ],
  "field": {
    "length": 16.541,
    "width": 8.211
  }
}
